insert into cozinha (id, nome) values (1, 'Tailandesa');
insert into cozinha (id, nome) values (2, 'Indiana');

SELECT setval('cozinha_id_seq', 2, true);

insert into restaurante (id, nome, taxa_frete, cozinha_id) values (1, 'Thai Gourmet', 10, 1);
insert into restaurante (id, nome, taxa_frete, cozinha_id) values (2, 'Thai Delivery', 9.50, 1);
insert into restaurante (id, nome, taxa_frete, cozinha_id) values (3, 'Tuk Tuk Comida Indiana', 15, 2);

SELECT setval('restaurante_id_seq', 3, true);

insert into estado (id, nome) values (1, 'Minas Gerais');
insert into estado (id, nome) values (2, 'São Paulo');
insert into estado (id, nome) values (3, 'Ceará');

SELECT setval('estado_id_seq', 3, true);

insert into cidade (id, nome, estado_id) values (1, 'Uberlândia', 1);
insert into cidade (id, nome, estado_id) values (2, 'Belo Horizonte', 1);
insert into cidade (id, nome, estado_id) values (3, 'São Paulo', 2);
insert into cidade (id, nome, estado_id) values (4, 'Campinas', 2);
insert into cidade (id, nome, estado_id) values (5, 'Fortaleza', 3);

SELECT setval('cidade_id_seq', 5, true);

insert into forma_pagamento (id, descricao) values (1, 'Cartão de crédito');
insert into forma_pagamento (id, descricao) values (2, 'Cartão de débito');
insert into forma_pagamento (id, descricao) values (3, 'Dinheiro');

SELECT setval('forma_pagamento_id_seq', 3, true);

insert into permissao (id, nome, descricao) values (1, 'CONSULTAR_COZINHAS', 'Permite consultar cozinhas');
insert into permissao (id, nome, descricao) values (2, 'EDITAR_COZINHAS', 'Permite editar cozinhas');

SELECT setval('permissao_id_seq', 2, true);

insert into restaurante_forma_pagamento (restaurante_id, forma_pagamento_id) values (1, 1), (1, 2), (1, 3), (2, 3), (3, 2), (3, 3);